// KOPO_GROUPBY_EX1_MAIN 테이블 생성

CREATE TABLE KOPO_GROUPBY_EX1_MAIN(
NAME VARCHAR2(100 CHAR)
,TYPE VARCHAR2(100 CHAR)
,CLASS NUMBER(19)
,AGE NUMBER(19)
,DB NUMBER(19)
,JAVA NUMBER(19)
);

// KOPO_GROUPBY_EX1_MAIN 데이터 추가

INSERT INTO KOPO_GROUPBY_EX1_MAIN VALUES('ST0001','A',1207,30,50,60);

INSERT INTO KOPO_GROUPBY_EX1_MAIN VALUES('ST0002','B',1208,40,70,4);

INSERT INTO KOPO_GROUPBY_EX1_MAIN VALUES('ST0003','C',1207,20,40,30);

INSERT INTO KOPO_GROUPBY_EX1_MAIN VALUES('ST0004','D',1207,11,30,50);

INSERT INTO KOPO_GROUPBY_EX1_MAIN VALUES('ST0005','C',1208,30,60,11);

INSERT INTO KOPO_GROUPBY_EX1_MAIN VALUES('ST0006','B',1208,20,70,12);

INSERT INTO KOPO_GROUPBY_EX1_MAIN VALUES('ST0007','A',1207,50,80,31);

// KOPO_GROUPBY_EX1_MAIN 테이블 조회

SELECT *
FROM KOPO_GROUPBY_EX1_MAIN;

// KOPO_GROUPBY_EX1_USER 테이블 생성

CREATE TABLE KOPO_GROUPBY_EX1_USER(
STCODE VARCHAR2(100 CHAR)
,STNAME VARCHAR2(100 CHAR)
,PHONE VARCHAR2(100 CHAR)
);

// KOPO_GROUPBY_EX1_USER 데이터 추가

INSERT INTO KOPO_GROUPBY_EX1_USER VALUES('ST0001','김한별','010-111');

INSERT INTO KOPO_GROUPBY_EX1_USER VALUES('ST0002','박한별','010-222');

INSERT INTO KOPO_GROUPBY_EX1_USER VALUES('ST0003','오징어','010-333');

INSERT INTO KOPO_GROUPBY_EX1_USER VALUES('ST0004','홍길동','010-444');

INSERT INTO KOPO_GROUPBY_EX1_USER VALUES('ST0005','김유신','010-555');

INSERT INTO KOPO_GROUPBY_EX1_USER VALUES('ST0006','지은상','010-666');

INSERT INTO KOPO_GROUPBY_EX1_USER VALUES('ST0007','하이팀','010-777');

// KOPO_GROUPBY_EX1_USER 테이블 조회

SELECT * FROM KOPO_GROUPBY_EX1_USER;

// KOPO_GROUPBY_EX1_MBTI 테이블 생성

CREATE TABLE KOPO_GROUPBY_EX1_MBTI(
TYPE VARCHAR2(100 CHAR)
,TYPENAME VARCHAR2(100 CHAR)
);

// KOPO_GROUPBY_EX1_MBTI 데이터 추가

INSERT INTO KOPO_GROUPBY_EX1_MBTI VALUES('A','ENFP');

INSERT INTO KOPO_GROUPBY_EX1_MBTI VALUES('B','ISTJ');

INSERT INTO KOPO_GROUPBY_EX1_MBTI VALUES('C','ISFJ');

// KOPO_GROUPBY_EX1_MBTI 테이블 조회

SELECT * FROM KOPO_GROUPBY_EX1_MBTI;